{"cameraMode":{"drawMode":0,"name":"Shaded","section":"Shading Mode"},"sceneLighting":false,"audioPlay":false,"sceneViewState":{"showFog":true,"showMaterialUpdate":false,"showSkybox":true,"showFlares":true,"showImageEffects":true,"showParticleSystems":true},"in2DMode":false,"pivot":{"x":5.339221954345703,"y":-2.7599806785583498,"z":1.8084545135498047},"rotation":{"x":-0.4224347770214081,"y":0.0873345211148262,"z":-0.040935199707746509,"w":-0.9012569785118103},"size":22.192794799804689,"orthographic":false}